Name,Data1,Data2,Data3
Adam,0.059423658,0.112826826,0.612732504
Baker,0.462225258,0.751161718,0.160581612
Charlie,0.696167974,0.520209541,0.783381324
David,0.127850621,0.627776081,0.960523506
Edward,0.755044065,0.671085994,0.268443295
